0.086802946,0.009689922,0.02,0.648509636,0.02,1.182263963
0.255623642,-0.000695687,0.03,0.644594745,0.03,1.182263963
0.424689796,0.035653946,0.04,0.745665379,0.04,1.182263963
0.593483219,0.020075532,0.05,0.79222913,0.05,1.182263963
0.762467554,0.04084675,0.06,0.775802966,0.06,1.182263963
0.931342797,0.04084675,0.07,0.779089993,0.07,1.182263963
1.100190766,0.035653946,0.08,0.778921294,0.08,1.182263963
1.269038735,0.030461141,0.09,0.783248041,0.09,1.182263963
1.437886704,0.025268336,0.1,0.765467506,0.1,1.182263963
1.60678922,0.030461141,0.11,0.818166665,0.11,1.182263963
1.775582643,0.014882727,0.12,0.916165752,0.12,1.182263963
1.944348793,-0.005888491,0.13,1.026502782,0.13,1.182263963
2.113142216,-0.021466905,0.14,1.053838947,0.14,1.182263963
2.282153824,0.004497118,0.15,0.978420556,0.15,1.182263963
2.450783608,-0.042238124,0.16,0.85774742,0.16,1.182263963
2.618567925,-0.249950308,0.17,0.781036145,0.17,1.182263963
2.760824589,0.04084675,0.18,0.779817967,0.18,1.182263963
2.861626091,0.477042338,0.19,0.779027675,0.19,1.182263963
2.948409201,0.923623534,0.2,0.779620481,0.2,1.182263963
3.048092504,1.146914132,0.21,0.779387092,0.21,1.182263963
3.130239182,0.710718545,0.22,0.77943759,0.22,1.182263963
3.17913991,0.196630888,0.23,0.779439407,0.23,1.182263963
3.21421316,-0.270721527,0.24,0.779440437,0.24,1.182263963
3.249695507,-0.660181872,0.25,0.779439635,0.25,1.182263963
3.275877715,-1.034063804,0.26,0.779439955,0.26,1.182263963
3.311360061,-1.42352415,0.27,0.779439885,0.27,1.182263963
3.355924361,-1.870105347,0.28,0.779439882,0.28,1.182263963
3.481135317,-2.145323991,0.29,0.779439881,0.29,1.182263963
3.568218432,-1.641621944,0.3,0.779439882,0.3,1.182263963
3.59857343,-1.22100477,0.31,0.779439882,0.31,1.182263963
3.629010247,-0.784809183,0.32,0.779439883,0.32,1.182263963
3.664328955,-0.312263963,0.33,0.779439883,0.33,1.182263963
3.69536578,0.238173325,0.34,0.779439864,0.34,1.182263963
3.721711627,0.788610614,0.35,0.779439953,0.35,1.182263963
3.752475722,1.287119857,0.36,0.779439692,0.36,1.182263963
3.783239816,1.7856291,0.37,0.779438823,0.37,1.182263963
3.813840272,2.252981515,0.38,0.779438826,0.38,1.182263963
3.848968068,2.689177102,0.39,0.779452722,0.39,1.182263963
3.944980407,3.106678593,0.4,0.77938795,0.4,1.182263963
4.035625394,2.502236136,0.41,0.77957991,0.41,1.182263963
4.065844025,2.003726893,0.42,0.780243612,0.42,1.182263963
4.091371678,1.505217651,0.43,0.780117237,0.43,1.182263963
4.116899331,1.006708408,0.44,0.770251558,0.44,1.182263963
4.137299635,0.425114291,0.45,0.839403544,0.45,1.182263963
4.162336372,-0.166865434,0.46,0.962455519,0.46,1.182263963
4.187427654,-0.748459551,0.47,1.021972535,0.47,1.182263963
4.212573483,-1.319668058,0.48,0.913780024,0.48,1.182263963
4.237992044,-1.838948519,0.49,0.799484934,0.49,1.182263963
4.26851068,-2.280336911,0.5,0.769772389,0.5,1.182263963
4.29444743,-2.700954085,0.51,0.784708707,0.51,1.182263963
4.362439352,-3.152728086,0.52,0.795392244,0.52,1.182263963
4.427213044,-3.324090638,0.53,0.90423875,0.53,1.182263963
4.490159436,-2.950208706,0.54,0.925962767,0.54,1.182263963
4.520268975,-2.576326774,0.55,0.829844004,0.55,1.182263963
4.550869431,-2.108974359,0.56,0.766609014,0.56,1.182263963
4.586379051,-1.600079507,0.57,0.778763423,0.57,1.182263963
4.617852247,-0.966557344,0.58,0.779400502,0.58,1.182263963
4.649325443,-0.333035182,0.59,0.779549287,0.59,1.182263963
4.680962278,0.331643808,0.6,0.779384983,0.6,1.182263963
4.712544566,0.985937189,0.61,0.779457611,0.61,1.182263963
4.743963216,1.609073743,0.62,0.779440841,0.62,1.182263963
4.775054588,2.169896641,0.63,0.779439923,0.63,1.182263963
4.801318616,2.704755516,0.64,0.779439713,0.64,1.182263963
4.836855508,3.218843172,0.65,0.779440057,0.65,1.182263963
4.932769664,3.617650566,0.66,0.77943957,0.66,1.182263963
5.000467036,3.109794275,0.67,0.779438004,0.67,1.182263963
5.026731064,2.751490757,0.68,0.779439484,0.68,1.182263963
5.052422355,2.284138342,0.69,0.779456086,0.69,1.182263963
5.072822659,1.702544226,0.7,0.779367348,0.7,1.182263963
5.098132127,1.162492546,0.71,0.779650736,0.71,1.182263963
5.123332502,0.601669648,0.72,0.780850474,0.72,1.182263963
5.148096508,-0.042238124,0.73,0.77959084,0.73,1.182263963
5.172805966,-0.696531505,0.74,0.767905983,0.74,1.182263963
5.19773361,-1.309282449,0.75,0.859153104,0.75,1.182263963
5.22784315,-1.82856291,0.76,0.918052432,0.76,1.182263963
5.253370803,-2.327072153,0.77,0.884048337,0.77,1.182263963
5.279225733,-2.76326774,0.78,0.7794541,0.78,1.182263963
5.347217655,-3.215041741,0.79,0.866903592,0.79,1.182263963
5.411936801,-3.396789903,0.8,1.015832161,0.8,1.182263963
5.47485592,-3.028100775,0.81,0.992494988,0.81,1.182263963
5.505047278,-2.638640429,0.82,0.889490569,0.82,1.182263963
5.540393259,-2.160902405,0.83,0.77892493,0.83,1.182263963
5.57164827,-1.568922679,0.84,0.773826212,0.84,1.182263963
5.60306692,-0.945786126,0.85,0.782561083,0.85,1.182263963
5.634649209,-0.291492745,0.86,0.778367974,0.86,1.182263963
5.666176951,0.352415027,0.87,0.779374369,0.87,1.182263963
5.697650147,0.985937189,0.88,0.77944162,0.88,1.182263963
5.728741519,1.546760087,0.89,0.779458063,0.89,1.182263963
5.754923727,2.066040549,0.9,0.779383738,0.9,1.182263963
5.790487893,2.58532101,0.91,0.779599804,0.91,1.182263963
5.906827288,3.045255132,0.92,0.780592643,0.92,1.182263963
5.981972563,2.424344067,0.93,0.779134565,0.93,1.182263963
6.007745674,1.972570066,0.94,0.771850958,0.94,1.182263963
6.028309617,1.422132777,0.95,0.847756255,0.95,1.182263963
6.053673631,0.892466706,0.96,0.974373889,0.96,1.182263963
6.078928553,0.342029418,0.97,1.038048654,0.97,1.182263963
6.10928355,-0.130515802,0.98,1.034449831,0.98,1.182263963
6.135056661,-0.582289803,0.99,0.935972413,0.99,1.182263963
6.16115705,-0.971750149,1,0.813979139,1,1.182263963
6.200894005,-1.444295369,1.01,0.769490977,1.01,1.182263963
6.325995869,-1.740285232,1.02,0.77881363,1.02,1.182263963
6.446243114,-1.174269529,1.03,0.779473747,1.03,1.182263963
6.505371267,-0.634217849,1.04,0.779501833,1.04,1.182263963
6.559862988,-0.083780561,1.05,0.779401928,1.05,1.182263963
6.618609318,0.383571855,1.06,0.779453582,1.06,1.182263963
6.690937668,0.757453787,1.07,0.77944079,1.07,1.182263963
6.818330474,0.897659511,1.08,0.77943981,1.08,1.182263963
6.942668689,0.456271119,1.09,0.779439625,1.09,1.182263963
7.024706275,-0.000695687,1.1,0.779440863,1.1,1.182263963
7.120898617,-0.442084079,1.11,0.779436882,1.11,1.182263963
7.260782518,-0.603061022,1.12,0.779416538,1.12,1.182263963
7.403543735,-0.216197078,1.13,0.779453357,1.13,1.182263963
7.518009076,0.14210644,1.14,0.779563025,1.14,1.182263963
7.6599521,0.373186245,1.15,0.778768098,1.15,1.182263963
7.828090967,0.232980521,1.16,0.781621115,1.16,1.182263963
7.995602553,-0.02665971,1.17,0.798804213,1.17,1.182263963
8.163959606,-0.125322997,1.18,0.916757809,1.18,1.182263963
8.332971214,-0.099358974,1.19,1.031629407,1.19,1.182263963
8.502637377,0.051232359,1.2,0.96967402,1.2,1.182263963
8.671812624,0.10835321,1.21,0.834377379,1.21,1.182263963
8.840469681,0.066810773,1.22,0.781731344,1.22,1.182263963
9.009181285,0.035653946,1.23,0.779234407,1.23,1.182263963
9.177838342,-0.005888491,1.24,0.779251343,1.24,1.182263963
9.346713585,-0.005888491,1.25,0.779616024,1.25,1.182263963
9.515507008,-0.021466905,1.26,0.779217515,1.26,1.182263963
9.684354977,-0.02665971,1.27,0.777991637,1.27,1.182263963
9.853284766,-0.016274101,1.28,0.780570878,1.28,1.182263963
10.02246001,0.04084675,1.29,0.785837438,1.29,1.182263963
10.19133526,0.04084675,1.3,0.703535385,1.3,1.182263963
10.36018322,0.035653946,1.31,0.581179458,1.31,1.182263963
10.52900392,0.025268336,1.32,0.548230724,1.32,1.182263963
10.69768825,-0.011081296,1.33,0.66226648,1.33,1.182263963
10.86650895,-0.021466905,1.34,0.769944944,1.34,1.182263963
11.03538419,-0.021466905,1.35,0.786227487,1.35,1.182263963
11.20445034,0.014882727,1.36,0.776792576,1.36,1.182263963
11.37324377,-0.000695687,1.37,0.779254124,1.37,1.182263963
11.54209174,-0.005888491,1.38,0.779460627,1.38,1.182263963
11.71091243,-0.016274101,1.39,0.779451881,1.39,1.182263963
11.8797604,-0.021466905,1.4,0.779430923,1.4,1.182263963
12.0488811,0.025268336,1.41,0.7794427,1.41,1.182263963
12.21775634,0.025268336,1.42,0.779433097,1.42,1.182263963
12.38646795,-0.005888491,1.43,0.77944667,1.43,1.182263963
12.55547956,0.020075532,1.44,0.779465673,1.44,1.182263963
12.72440934,0.030461141,1.45,0.779269803,1.45,1.182263963
12.89303913,-0.016274101,1.46,0.780035852,1.46,1.182263963
13.06196892,-0.005888491,1.47,0.784660137,1.47,1.182263963
13.23087143,-0.000695687,1.48,0.773992958,1.48,1.182263963
13.3997194,-0.005888491,1.49,0.671130084,1.49,1.182263963
13.56856737,-0.011081296,1.5,0.535760444,1.5,1.182263963
13.73757898,0.014882727,1.51,0.579892933,1.51,1.182263963
13.90659059,0.04084675,1.52,0.680642629,1.52,1.182263963
14.07535674,0.020075532,1.53,0.786514778,1.53,1.182263963
14.2440138,-0.021466905,1.54,0.782255518,1.54,1.182263963
14.41294358,-0.011081296,1.55,0.776999689,1.55,1.182263963
14.58203701,0.030461141,1.56,0.780445268,1.56,1.182263963
14.75093953,0.035653946,1.57,0.77951222,1.57,1.182263963
14.91984204,0.04084675,1.58,0.779432149,1.58,1.182263963
0,0,1.59,0.779442953,1.59,1.182263963
0,0,1.6,0.779393106,1.6,1.182263963
0,0,1.61,0.779621102,1.61,1.182263963
0,0,1.62,0.778992776,1.62,1.182263963
0,0,1.63,0.777450659,1.63,1.182263963
0,0,1.64,0.774854853,1.64,1.182263963
0,0,1.65,0.86144385,1.65,1.182263963
0,0,1.66,0.986259214,1.66,1.182263963
0,0,1.67,1.045815164,1.67,1.182263963
0,0,1.68,1.036521323,1.68,1.182263963
0,0,1.69,1.036464587,1.69,1.182263963
0,0,1.7,1.032029692,1.7,1.182263963
0,0,1.71,1.050050077,1.71,1.182263963
0,0,1.72,0.996182111,1.72,1.182263963
0,0,1.73,0.897836158,1.73,1.182263963
0,0,1.74,0.786671322,1.74,1.182263963
0,0,1.75,0.775009861,1.75,1.182263963
0,0,1.76,0.768673139,1.76,1.182263963
0,0,1.77,0.819483466,1.77,1.182263963
0,0,1.78,0.920233352,1.78,1.182263963
0,0,1.79,1.032668075,1.79,1.182263963
0,0,1.8,0.958963452,1.8,1.182263963
0,0,1.81,0.822928157,1.81,1.182263963
0,0,1.82,0.770499904,1.82,1.182263963
0,0,1.83,0.779041227,1.83,1.182263963
0,0,1.84,0.779366765,1.84,1.182263963
0,0,1.85,0.779526858,1.85,1.182263963
0,0,1.86,0.7794173,1.86,1.182263963
0,0,1.87,0.77940293,1.87,1.182263963
0,0,1.88,0.779175392,1.88,1.182263963
0,0,1.89,0.779124664,1.89,1.182263963
0,0,1.9,0.782884899,1.9,1.182263963
0,0,1.91,0.765749999,1.91,1.182263963
0,0,1.92,0.821074584,1.92,1.182263963
0,0,1.93,0.909048764,1.93,1.182263963
0,0,1.94,0.91122563,1.94,1.182263963
0,0,1.95,0.807753944,1.95,1.182263963
0,0,1.96,0.767190793,1.96,1.182263963
0,0,1.97,0.783198361,1.97,1.182263963
0,0,1.98,0.779623011,1.98,1.182263963
0,0,1.99,0.779461026,1.99,1.182263963
0,0,2,0.779404571,2,1.182263963
0,0,2.01,0.779456622,2.01,1.182263963
0,0,2.02,0.779434681,2.02,1.182263963
0,0,2.03,0.779439622,2.03,1.182263963
0,0,2.04,0.779439857,2.04,1.182263963
0,0,2.05,0.779439929,2.05,1.182263963
0,0,2.06,0.779439859,2.06,1.182263963
0,0,2.07,0.779439889,2.07,1.182263963
0,0,2.08,0.779439882,2.08,1.182263963
0,0,2.09,0.779439882,2.09,1.182263963
0,0,2.1,0.779439882,2.1,1.182263963
0,0,2.11,0.779439882,2.11,1.182263963
0,0,2.12,0.779439882,2.12,1.182263963
0,0,2.13,0.779439882,2.13,1.182263963
0,0,2.14,0.779439882,2.14,1.182263963
0,0,2.15,0.779439882,2.15,1.182263963
0,0,2.16,0.779439883,2.16,1.182263963
0,0,2.17,0.779439878,2.17,1.182263963
0,0,2.18,0.779439859,2.18,1.182263963
0,0,2.19,0.779439874,2.19,1.182263963
0,0,2.2,0.779440093,2.2,1.182263963
0,0,2.21,0.779438957,2.21,1.182263963
0,0,2.22,0.779442531,2.22,1.182263963
0,0,2.23,0.779457142,2.23,1.182263963
0,0,2.24,0.779443823,2.24,1.182263963
0,0,2.25,0.779289626,2.25,1.182263963
0,0,2.26,0.78011063,2.26,1.182263963
0,0,2.27,0.777493646,2.27,1.182263963
0,0,2.28,0.765571504,2.28,1.182263963
0,0,2.29,0.65260334,2.29,1.182263963
0,0,2.3,0.531031679,2.3,1.182263963
0,0,2.31,0.579751261,2.31,1.182263963
0,0,2.32,0.715448428,2.32,1.182263963
0,0,2.33,0.7725065,2.33,1.182263963
0,0,2.34,0.779326131,2.34,1.182263963
0,0,2.35,0.88379709,2.35,1.182263963
0,0,2.36,0.932243712,2.36,1.182263963
0,0,2.37,0.854628127,2.37,1.182263963
0,0,2.38,0.782233051,2.38,1.182263963
0,0,2.39,0.779413298,2.39,1.182263963
0,0,2.4,0.779092672,2.4,1.182263963
0,0,2.41,0.779632282,2.41,1.182263963
0,0,2.42,0.77937394,2.42,1.182263963
0,0,2.43,0.779435957,2.43,1.182263963
0,0,2.44,0.779439965,2.44,1.182263963
0,0,2.45,0.779440344,2.45,1.182263963
0,0,2.46,0.77943962,2.46,1.182263963
0,0,2.47,0.779439973,2.47,1.182263963
0,0,2.48,0.779439887,2.48,1.182263963
0,0,2.49,0.779439882,2.49,1.182263963
0,0,2.5,0.779439881,2.5,1.182263963
0,0,2.51,0.779439882,2.51,1.182263963
0,0,2.52,0.779439882,2.52,1.182263963
0,0,2.53,0.779439882,2.53,1.182263963
0,0,2.54,0.779439882,2.54,1.182263963
0,0,2.55,0.779439882,2.55,1.182263963
0,0,2.56,0.779439882,2.56,1.182263963
0,0,2.57,0.779439882,2.57,1.182263963
0,0,2.58,0.779439882,2.58,1.182263963
0,0,2.59,0.779439882,2.59,1.182263963
0,0,2.6,0.779439882,2.6,1.182263963
0,0,2.61,0.779439882,2.61,1.182263963
0,0,2.62,0.779439882,2.62,1.182263963
0,0,2.63,0.779439881,2.63,1.182263963
0,0,2.64,0.779439882,2.64,1.182263963
0,0,2.65,0.779439887,2.65,1.182263963
0,0,2.66,0.779439853,2.66,1.182263963
0,0,2.67,0.779439973,2.67,1.182263963
0,0,2.68,0.779440595,2.68,1.182263963
0,0,2.69,0.779439478,2.69,1.182263963
0,0,2.7,0.779436085,2.7,1.182263963
0,0,2.71,0.779460512,2.71,1.182263963
0,0,2.72,0.779373021,2.72,1.182263963
0,0,2.73,0.778908558,2.73,1.182263963
0,0,2.74,0.779778681,2.74,1.182263963
0,0,2.75,0.782109853,2.75,1.182263963
0,0,2.76,0.7645343,2.76,1.182263963
0,0,2.77,0.840306101,2.77,1.182263963
0,0,2.78,0.937183516,2.78,1.182263963
0,0,2.79,1.037055278,2.79,1.182263961
0,0,2.8,0.937342548,2.8,1.182263955
0,0,2.81,0.792804697,2.81,1.182263954
0,0,2.82,0.832601467,2.82,1.182264062
0,0,2.83,0.938097299,2.83,1.182263565
0,0,2.84,1.036717897,2.84,1.182265036
0,0,2.85,0.933576735,2.85,1.182270167
0,0,2.86,0.806941491,2.86,1.182268939
0,0,2.87,0.7707897,2.87,1.18219396
0,0,2.88,0.779405872,2.88,1.182553989
0,0,2.89,0.779027059,2.89,1.1814634
0,0,2.9,0.777096124,2.9,1.177399154
0,0,2.91,0.793989177,2.91,1.179566037
0,0,2.92,0.716230678,2.92,1.331144291
0,0,2.93,0.624354454,2.93,1.57100648
0,0,2.94,0.516740316,2.94,1.552132382
0,0,2.95,0.517324961,2.95,1.373929645
0,0,2.96,0.539897668,2.96,1.1853784
0,0,2.97,0.458341067,2.97,1.171377832
0,0,2.98,0.372095422,2.98,1.1878295
0,0,2.99,0.254854662,2.99,1.180439265
0,0,3,0.154025142,3,1.182162185
0,0,3.01,0.041097273,3.01,1.182262149
0,0,3.02,-0.002348473,3.02,1.182278131
0,0,3.03,-0.009572359,3.03,1.182256453
0,0,3.04,-0.13838686,3.04,1.182266479
0,0,3.05,-0.348931264,3.05,1.182264108
0,0,3.06,-0.481039125,3.06,1.182263962
0,0,3.07,-0.512922942,3.07,1.182263944
0,0,3.08,-0.534088919,3.08,1.182263973
0,0,3.09,-0.640537852,3.09,1.182263959
0,0,3.1,-0.642830944,3.1,1.182263963
0,0,3.11,-0.520599057,3.11,1.182263963
0,0,3.12,-0.560627195,3.12,1.182263963
0,0,3.13,-0.68686939,3.13,1.182263963
0,0,3.14,-0.911705002,3.14,1.182263963
0,0,3.15,-1.012689778,3.15,1.182263963
0,0,3.16,-1.011760897,3.16,1.182263963
0,0,3.17,-1.04213965,3.17,1.182263963
0,0,3.18,-0.940758392,3.18,1.182263963
0,0,3.19,-0.741727853,3.19,1.182263963
0,0,3.2,-0.518732208,3.2,1.182263963
0,0,3.21,-0.505030026,3.21,1.182263963
0,0,3.22,-0.404328319,3.22,1.182263963
0,0,3.23,-0.145935858,3.23,1.182263963
0,0,3.24,0.002550302,3.24,1.182263963
0,0,3.25,-0.000380818,3.25,1.182263963
0,0,3.26,0.184141645,3.26,1.182263963
0,0,3.27,0.396369529,3.27,1.182263963
0,0,3.28,0.622791371,3.28,1.182263963
0,0,3.29,0.803698339,3.29,1.182263963
0,0,3.3,1.12846277,3.3,1.182263963
0,0,3.31,1.447023263,3.31,1.182263963
0,0,3.32,1.750551859,3.32,1.182263963
0,0,3.33,2.047668849,3.33,1.182263963
0,0,3.34,2.213524368,3.34,1.182263963
0,0,3.35,2.537479782,3.35,1.182263963
0,0,3.36,2.951705684,3.36,1.182263963
0,0,3.37,3.345412041,3.37,1.182263963
0,0,3.38,3.807094684,3.38,1.182263963
0,0,3.39,4.147401803,3.39,1.182263963
0,0,3.4,4.585691797,3.4,1.182263963
0,0,3.41,5.014895763,3.41,1.182263963
0,0,3.42,5.396632667,3.42,1.182263963
0,0,3.43,5.863733095,3.43,1.182263963
0,0,3.44,6.200540868,3.44,1.182263963
0,0,3.45,6.640528814,3.45,1.182263963
0,0,3.46,7.078552846,3.46,1.182263963
0,0,3.47,7.39563017,3.47,1.182263963
0,0,3.48,7.733344524,3.48,1.182263963
0,0,3.49,7.980785868,3.49,1.182263963
0,0,3.5,8.203660793,3.5,1.182263963
0,0,3.51,8.319745175,3.51,1.182263963
0,0,3.52,8.421419255,3.52,1.182263963
0,0,3.53,8.48613065,3.53,1.182263963
0,0,3.54,8.477408706,3.54,1.182263963
0,0,3.55,8.476490959,3.55,1.182263963
0,0,3.56,8.377191988,3.56,1.182263963
0,0,3.57,8.290158782,3.57,1.182263963
0,0,3.58,8.114901888,3.58,1.182263963
0,0,3.59,7.925444922,3.59,1.182263963
0,0,3.6,7.592990014,3.6,1.182263963
0,0,3.61,7.293231387,3.61,1.182263963
0,0,3.62,6.868743364,3.62,1.182263963
0,0,3.63,6.263507993,3.63,1.182263963
0,0,3.64,5.872405699,3.64,1.182263963
0,0,3.65,5.420890973,3.65,1.182263963
0,0,3.66,4.806591781,3.66,1.182263963
0,0,3.67,4.196056325,3.67,1.182263963
0,0,3.68,3.556344692,3.68,1.182263963
0,0,3.69,3.141463114,3.69,1.182263963
0,0,3.7,2.471222263,3.7,1.182263963
0,0,3.71,1.848927824,3.71,1.182263963
0,0,3.72,1.185261572,3.72,1.182263963
0,0,3.73,0.415575296,3.73,1.182263963
0,0,3.74,-0.04635558,3.74,1.182263963
0,0,3.75,-0.613276383,3.75,1.182263963
0,0,3.76,-1.239620018,3.76,1.182263963
0,0,3.77,-1.823506327,3.77,1.182263963
0,0,3.78,-2.528153638,3.78,1.182263963
0,0,3.79,-3.020282439,3.79,1.182263963
0,0,3.8,-3.695697566,3.8,1.182263963
0,0,3.81,-4.233855124,3.81,1.182263963
0,0,3.82,-4.686767106,3.82,1.182263963
0,0,3.83,-5.343998045,3.83,1.182263962
0,0,3.84,-5.830521128,3.84,1.182263965
0,0,3.85,-6.395536774,3.85,1.182263956
0,0,3.86,-6.812163867,3.86,1.18226392
0,0,3.87,-7.276267717,3.87,1.182263955
0,0,3.88,-7.816558403,3.88,1.182264327
0,0,3.89,-8.119852208,3.89,1.182262317
0,0,3.9,-8.579752522,3.9,1.182268796
0,0,3.91,-9.112023896,3.91,1.182297072
0,0,3.92,-9.472637095,3.92,1.182263786
0,0,3.93,-9.739806942,3.93,1.182008644
0,0,3.94,-9.910916409,3.94,1.18345836
0,0,3.95,-10.25018414,3.95,1.178678248
0,0,3.96,-10.5613003,3.96,1.154759996
0,0,3.97,-10.86792825,3.97,0.961748628
0,0,3.98,-11.15583032,3.98,0.76722316
0,0,3.99,-11.30297688,3.99,0.760020704
0,0,4,-11.5342448,4,0.659629422
0,0,4.01,-11.76148603,4.01,0.496102301
0,0,4.02,-11.78764628,4.02,0.310439008
0,0,4.03,-11.83613165,4.03,0.305444938
0,0,4.04,-11.93555955,4.04,0.318092208
0,0,4.05,-12.04497116,4.05,0.314040502
0,0,4.06,-12.04590469,4.06,0.329478685
0,0,4.07,-12.0553071,4.07,0.306280298
0,0,4.08,-11.98994909,4.08,-0.031807646
0,0,4.09,-11.897689,4.09,-0.439532286
0,0,4.1,-11.78428177,4.1,-0.596840794
0,0,4.11,-11.69135804,4.11,-0.629701239
0,0,4.12,-11.46030787,4.12,-1.0116381
0,0,4.13,-11.01610766,4.13,-1.361826656
0,0,4.14,-10.71105955,4.14,-1.695092058
0,0,4.15,-10.36376033,4.15,-2.084874817
0,0,4.16,-10.05965771,4.16,-2.263539582
0,0,4.17,-9.653010919,4.17,-2.306762635
0,0,4.18,-8.894263114,4.18,-2.658742879
0,0,4.19,-8.322889241,4.19,-3.005772271
0,0,4.2,-7.520715567,4.2,-3.407184635
0,0,4.21,-6.901248726,4.21,-3.719638356
0,0,4.22,-6.22857038,4.22,-4.287372224
0,0,4.23,-5.030581476,4.23,-4.62499934
0,0,4.24,-4.118241622,4.24,-5.082391311
0,0,4.25,-2.73950738,4.25,-5.71196993
0,0,4.26,-1.612502436,4.26,-6.094518297
0,0,4.27,-0.356821507,4.27,-6.698771777
0,0,4.28,1.490192627,4.28,-7.229628819
0,0,4.29,2.739363185,4.29,-7.554013921
0,0,4.3,4.623434049,4.3,-8.086559386
0,0,4.31,6.574548841,4.31,-8.543442727
0,0,4.32,8.632868684,4.32,-9.324294812
0,0,4.33,11.42933924,4.33,-9.845359039
0,0,4.34,13.33433982,4.34,-10.16217039
0,0,4.35,16.24289577,4.35,-10.69713353
0,0,4.36,18.81282333,4.36,-11.1043583
0,0,4.37,21.34965501,4.37,-11.70536351
0,0,4.38,24.30182408,4.38,-12.22112426
0,0,4.39,26.04573453,4.39,-12.74302615
0,0,4.4,28.26013216,4.4,-13.24694486
0,0,4.41,30.01392109,4.41,-13.83090434
0,0,4.42,31.49457106,4.42,-14.27410821
0,0,4.43,32.75172027,4.43,-14.82864243
0,0,4.44,33.28009135,4.44,-15.22190748
0,0,4.45,33.4741007,4.45,-15.52549202
0,0,4.46,33.06804506,4.46,-15.92722118
0,0,4.47,32.35200172,4.47,-16.21260524
0,0,4.48,31.22190556,4.48,-16.58105638
0,0,4.49,30.4008805,4.49,-16.99041716
0,0,4.5,28.97613896,4.5,-17.01662209
0,0,4.51,27.53732555,4.51,-16.6676258
0,0,4.52,26.10132072,4.52,-16.38071358
0,0,4.53,24.22466706,4.53,-16.00874996
0,0,4.54,22.98349848,4.54,-15.38721349
0,0,4.55,21.10711172,4.55,-14.28809405
0,0,4.56,19.47549619,4.56,-12.53887863
0,0,4.57,17.80440175,4.57,-11.2492901
0,0,4.58,15.92043556,4.58,-9.185787998
0,0,4.59,14.82820658,4.59,-6.270229613
0,0,4.6,13.15172455,4.6,-3.077409052
0,0,4.61,11.50795947,4.61,1.550074212
0,0,4.62,9.991975357,4.62,5.189504781
0,0,4.63,8.367750614,4.63,11.05858481
0,0,4.64,7.391039637,4.64,18.24712108
0,0,4.65,5.855409257,4.65,25.28925836
0,0,4.66,4.524780383,4.66,34.50196598
0,0,4.67,3.343656131,4.67,41.4146168
0,0,4.68,1.910339017,4.68,51.6598066
0,0,4.69,0.981515342,4.69,60.20895633
0,0,4.7,-0.408656533,4.7,67.51327789
0,0,4.71,-1.419003048,4.71,75.83130315
0,0,4.72,-2.333958511,4.72,81.06163518
0,0,4.73,-3.285942175,4.73,86.42662548
0,0,4.74,-4.441474222,4.74,90.00160443
0,0,4.75,-5.306120671,4.75,92.16497076
0,0,4.76,-6.277508994,4.76,92.28075049
0,0,4.77,-7.162082266,4.77,91.19145934
0,0,4.78,-7.912134109,4.78,88.69272036
0,0,4.79,-8.84277939,4.79,86.07840691
0,0,4.8,-9.526230191,4.8,83.17126909
0,0,4.81,-10.28358133,4.81,78.38272059
0,0,4.82,-11.03650899,4.82,74.66661311
0,0,4.83,-11.72051006,4.83,69.07768401
0,0,4.84,-12.48138287,4.84,64.56662671
0,0,4.85,-12.98540902,4.85,60.91490401
0,0,4.86,-13.63542783,4.86,55.83368733
0,0,4.87,-14.29665461,4.87,52.15224047
0,0,4.88,-14.7876072,4.88,47.30649097
0,0,4.89,-15.41348357,4.89,43.56376171
0,0,4.9,-15.94355531,4.9,40.28933373
0,0,4.91,-16.60190394,4.91,36.36061264
0,0,4.92,-17.04770744,4.92,33.82511448
0,0,4.93,-17.48958189,4.93,29.88832614
0,0,4.94,-18.0325141,4.94,26.01763208
0,0,4.95,-18.33849546,4.95,22.46350267
0,0,4.96,-18.55868996,4.96,18.49942598
0,0,4.97,-18.86394855,4.97,16.03446042
0,0,4.98,-19.17733627,4.98,12.48932244
0,0,4.99,-19.47019556,4.99,9.327208007
0,0,5,-19.6372872,5,6.453778369
0,0,5.01,-19.96500692,5.01,3.277698473
0,0,5.02,-20.30135969,5.02,1.323335754
0,0,5.03,-20.47553082,5.03,-1.629690119
0,0,5.04,-20.51263295,5.04,-4.096503914
0,0,5.05,-20.50715345,5.05,-6.114417716
0,0,5.06,-20.50692173,5.06,-8.514077141
0,0,5.07,-20.50692704,5.07,-10.05057178
0,0,5.08,-20.50654684,5.08,-12.25747779
0,0,5.09,-20.50787534,5.09,-14.35407862
0,0,5.1,-20.51251119,5.1,-16.25510032
0,0,5.11,-20.51200947,5.11,-18.20753992
0,0,5.12,-20.33130351,5.12,-19.36565798
0,0,5.13,-20.05312151,5.13,-21.13005374
0,0,5.14,-19.69585384,5.14,-22.50873733
0,0,5.15,-19.4363267,5.15,-23.95796772
0,0,5.16,-18.99300529,5.16,-25.80251355
0,0,5.17,-18.57363333,5.17,-26.93003934
0,0,5.18,-18.14046465,5.18,-28.52346291
0,0,5.19,-17.4827063,5.19,-29.74423574
0,0,5.2,-16.98060931,5.2,-30.57593092
0,0,5.21,-16.30895003,5.21,-31.71541348
0,0,5.22,-15.5901548,5.22,-32.5768963
0,0,5.23,-14.79138251,5.23,-33.92582085
0,0,5.24,-13.65298857,5.24,-34.77230505
0,0,5.25,-12.82069583,5.25,-35.60013739
0,0,5.26,-11.58377953,5.26,-36.58614267
0,0,5.27,-10.14212459,5.27,-37.67790583
0,0,5.28,-8.653048874,5.28,-38.38139867
0,0,5.29,-6.690575646,5.29,-39.11652912
0,0,5.3,-5.262342752,5.3,-39.8316503
0,0,5.31,-2.891450694,5.31,-40.58473898
0,0,5.32,-0.017768282,5.32,-41.58649407
0,0,5.33,3.022540807,5.33,-42.2940326
0,0,5.34,7.532422653,5.34,-43.03498283
0,0,5.35,11.0400412,5.35,-43.76537753
0,0,5.36,16.8046161,5.36,-44.41232899
0,0,5.37,22.88220373,5.37,-45.20097823
0,0,5.38,28.38810705,5.38,-45.76505433
0,0,5.39,34.8874565,5.39,-46.32784817
0,0,5.4,39.34668615,5.4,-46.69791713
0,0,5.41,45.2060204,5.41,-47.11432924
0,0,5.42,49.4434179,5.42,-47.73241587
0,0,5.43,52.52252276,5.43,-48.13776703
0,0,5.44,54.48840314,5.44,-48.51545978
0,0,5.45,54.89607931,5.45,-48.85557648
0,0,5.46,53.87318538,5.46,-49.32220145
0,0,5.47,52.06613419,5.47,-49.83842553
0,0,5.48,49.99972138,5.48,-50.09768099
0,0,5.49,47.25091457,5.49,-50.47446171
0,0,5.5,45.25466033,5.5,-50.83386242
0,0,5.51,42.05644701,5.51,-51.16225308
0,0,5.52,38.89828393,5.52,-51.54971605
0,0,5.53,36.21764062,5.53,-51.78368921
0,0,5.54,33.05377407,5.54,-51.79378458
0,0,5.55,30.87333862,5.55,-51.96278429
0,0,5.56,27.79969091,5.56,-52.08292117
0,0,5.57,25.27791374,5.57,-51.84327276
0,0,5.58,22.97282398,5.58,-51.5248938
0,0,5.59,20.19598765,5.59,-50.94412518
0,0,5.6,18.46086098,5.6,-50.09243735
0,0,5.61,16.3796015,5.61,-49.07012184
0,0,5.62,14.40649412,5.62,-47.41654059
0,0,5.63,12.51966271,5.63,-46.10096577
0,0,5.64,10.47003062,5.64,-43.77916744
0,0,5.65,9.223888036,5.65,-41.02174299
0,0,5.66,7.396939335,5.66,-37.83782266
0,0,5.67,5.928913124,5.67,-33.19926563
0,0,5.68,4.611818407,5.68,-29.77246604
0,0,5.69,2.874292251,5.69,-23.72696324
0,0,5.7,1.71197639,5.7,-16.74897001
0,0,5.71,0.21205016,5.71,-9.46481693
0,0,5.72,-1.043151061,5.72,1.00043697
0,0,5.73,-2.132647552,5.73,8.69280909
0,0,5.74,-3.365151931,5.74,20.81136577
0,0,5.75,-4.138180943,5.75,32.96341471
0,0,5.76,-5.302436627,5.76,44.45516653
0,0,5.77,-6.444178515,5.77,58.53290971
0,0,5.78,-7.470671365,5.78,67.88385936
0,0,5.79,-8.50441519,5.79,80.68101187
0,0,5.8,-9.110544208,5.8,90.28121574
0,0,5.81,-10.0438444,5.81,98.28785418
0,0,5.82,-10.97059315,5.82,105.9986447
0,0,5.83,-11.88155266,5.83,109.8983197
0,0,5.84,-12.80556231,5.84,113.1218627
0,0,5.85,-13.33209963,5.85,113.4507397
0,0,5.86,-14.14575983,5.86,111.7095098
0,0,5.87,-14.87329483,5.87,108.3205419
0,0,5.88,-15.48879306,5.88,105.7791005
0,0,5.89,-16.12076231,5.89,101.3986132
0,0,5.9,-16.49651751,5.9,96.87377096
0,0,5.91,-17.08952857,5.91,92.15732287
0,0,5.92,-17.71269826,5.92,86.25984823
0,0,5.93,-18.23639237,5.93,82.45876422
0,0,5.94,-18.74997373,5.94,76.70206492
0,0,5.95,-19.07748465,5.95,71.62428756
0,0,5.96,-19.65120115,5.96,67.0743619
0,0,5.97,-20.06970566,5.97,61.04469554
0,0,5.98,-20.35482708,5.98,57.11474964
0,0,5.99,-20.78006024,5.99,51.93641357
0,0,6,-21.07885928,6,47.45458801
0,0,6.01,-21.4355147,6.01,42.53291425
0,0,6.02,-21.74704669,6.02,36.78645978
0,0,6.03,-21.97212824,6.03,33.42507332
0,0,6.04,-22.13005491,6.04,28.42113364
0,0,6.05,-22.22550031,6.05,24.07750968
0,0,6.06,-22.44770064,6.06,20.21147573
0,0,6.07,-22.55293866,6.07,15.69418857
0,0,6.08,-22.56249403,6.08,12.83024333
0,0,6.09,-22.55754309,6.09,8.485963201
0,0,6.1,-22.56324529,6.1,5.056660878
0,0,6.11,-22.55404122,6.11,1.692078233
0,0,6.12,-22.45293949,6.12,-1.188408656
0,0,6.13,-22.26848079,6.13,-4.232019927
0,0,6.14,-22.02009535,6.14,-6.618487662
0,0,6.15,-21.84537886,6.15,-9.731487366
0,0,6.16,-21.49414711,6.16,-12.59014846
0,0,6.17,-21.18553767,6.17,-14.65559927
0,0,6.18,-20.91024002,6.18,-16.98258368
0,0,6.19,-20.46974901,6.19,-18.75082673
0,0,6.2,-20.14221421,6.2,-21.14877676
0,0,6.21,-19.52629627,6.21,-23.37361169
0,0,6.22,-18.80207303,6.22,-25.21934887
0,0,6.23,-18.12808535,6.23,-27.28307373
0,0,6.24,-17.20731231,6.24,-28.68761241
0,0,6.25,-16.53337736,6.25,-30.36056307
0,0,6.26,-15.363573,6.26,-32.15965219
0,0,6.27,-14.34979341,6.27,-33.74571323
0,0,6.28,-13.25338747,6.28,-35.31143431
0,0,6.29,-12.02589038,6.29,-36.27852481
0,0,6.3,-10.23595244,6.3,-37.58830753
0,0,6.31,-8.726193717,6.31,-38.84902788
0,0,6.32,-6.798194476,6.32,-40.01297713
0,0,6.33,-4.638290604,6.33,-41.30679774
0,0,6.34,-2.231763471,6.34,-42.14078826
0,0,6.35,1.255477681,6.35,-43.27019314
0,0,6.36,3.995688615,6.36,-44.173571
0,0,6.37,8.27957605,6.37,-45.08558416
0,0,6.38,13.37083745,6.38,-46.29805675
0,0,6.39,17.8127679,6.39,-47.09289451
0,0,6.4,23.41912912,6.4,-47.8582317
0,0,6.41,27.98640167,6.41,-48.56305127
0,0,6.42,33.75186218,6.42,-49.33019593
0,0,6.43,38.68985706,6.43,-50.34276882
0,0,6.44,42.42648851,6.44,-51.00687139
0,0,6.45,46.10719957,6.45,-51.77705436
0,0,6.46,48.34020434,6.46,-52.52362187
0,0,6.47,49.69593473,6.47,-52.92917046
0,0,6.48,49.30472826,6.48,-53.30549043
0,0,6.49,48.00487796,6.49,-53.64105302
0,0,6.5,46.25920299,6.5,-54.39652592
0,0,6.51,44.83505195,6.51,-54.93595678
0,0,6.52,42.43960721,6.52,-55.44070179
0,0,6.53,39.7878972,6.53,-55.93734737
0,0,6.54,37.44923202,6.54,-56.18896129
0,0,6.55,34.61342602,6.55,-56.57650342
0,0,6.56,32.47180825,6.56,-56.94465027
0,0,6.57,29.61391972,6.57,-57.14719053
0,0,6.58,27.01477852,6.58,-57.3266279
0,0,6.59,24.77217117,6.59,-57.44474099
0,0,6.6,22.20737646,6.6,-57.44130155
0,0,6.61,20.49398551,6.61,-57.28063581
0,0,6.62,18.50391986,6.62,-56.94037322
0,0,6.63,16.48166192,6.63,-55.94687209
0,0,6.64,14.68767252,6.64,-55.04737978
0,0,6.65,12.71130072,6.65,-53.47471159
0,0,6.66,11.39667096,6.66,-51.75496337
0,0,6.67,9.734050533,6.67,-49.64126874
0,0,6.68,8.323598377,6.68,-46.49588041
0,0,6.69,7.101980645,6.69,-44.20338162
0,0,6.7,5.57037113,6.7,-39.82915034
0,0,6.71,4.500103581,6.71,-34.92371129
0,0,6.72,3.163965512,6.72,-30.00707861
0,0,6.73,1.972134745,6.73,-22.36776881
0,0,6.74,0.99896167,6.74,-16.60498147
0,0,6.75,-0.169611421,6.75,-6.821969324
0,0,6.76,-0.999504484,6.76,3.757765958
0,0,6.77,-2.115724174,6.77,15.37783932
0,0,6.78,-3.100484624,6.78,30.06261089
0,0,6.79,-3.813438352,6.79,39.51504091
0,0,6.8,-4.622682761,6.8,53.76464696
0,0,6.81,-5.216492158,6.81,66.45975513
0,0,6.82,-6.110177605,6.82,78.90789417
0,0,6.83,-6.870038591,6.83,91.67597889
0,0,6.84,-7.46140222,6.84,98.41735273
0,0,6.85,-8.161899408,6.85,106.5716137
0,0,6.86,-8.656779662,6.86,112.8632914
0,0,6.87,-9.330354286,6.87,117.3400673
0,0,6.88,-9.880038512,6.88,119.0421904
0,0,6.89,-10.2612979,6.89,118.6319599
0,0,6.9,-10.79020362,6.9,116.1620341
0,0,6.91,-11.21296202,6.91,112.849737
0,0,6.92,-11.77527699,6.92,109.0240063
0,0,6.93,-12.20513422,6.93,103.7119339
0,0,6.94,-12.58004115,6.94,100.1893307
0,0,6.95,-13.05366439,6.95,94.74185805
0,0,6.96,-13.3631426,6.96,89.56270337
0,0,6.97,-13.70563112,6.97,84.13159569
0,0,6.98,-14.02725315,6.98,79.12796718
0,0,6.99,-14.25959463,6.99,73.54497603
0,0,7,-14.42454982,7,69.23998519
0,0,7.01,-14.51388391,7.01,63.76279805
0,0,7.02,-14.73543168,7.02,58.38911734
0,0,7.03,-14.85440269,7.03,53.84057432
0,0,7.04,-14.86972854,7.04,47.77183848
0,0,7.05,-14.86296659,7.05,42.91973251
0,0,7.06,-14.86399719,7.06,37.37404581
0,0,7.07,-14.86475129,7.07,32.54552789
0,0,7.08,-14.86957133,7.08,28.25427705
0,0,7.09,-14.81374902,7.09,23.06315279
0,0,7.1,-14.61903495,7.1,19.54141133
0,0,7.11,-14.45588822,7.11,15.44954812
0,0,7.12,-14.22030935,7.12,11.76352282
0,0,7.13,-13.90298431,7.13,8.5862373
0,0,7.14,-13.68180493,7.14,5.114425081
0,0,7.15,-13.4533586,7.15,2.895810256
0,0,7.16,-13.26296591,7.16,-0.092354264
0,0,7.17,-12.80319827,7.17,-3.3614439
0,0,7.18,-12.28499327,7.18,-5.973754336
0,0,7.19,-11.79576703,7.19,-8.891209864
0,0,7.2,-11.20312088,7.2,-11.06236688
0,0,7.21,-10.78970539,7.21,-14.06997525
0,0,7.22,-10.10080626,7.22,-16.31031467
0,0,7.23,-9.469609741,7.23,-18.18768666
0,0,7.24,-8.927367307,7.24,-20.60366279
0,0,7.25,-8.071131632,7.25,-22.26168063
0,0,7.26,-7.401125869,7.26,-24.34895082
0,0,7.27,-6.364130735,7.27,-26.17947655
0,0,7.28,-5.427297889,7.28,-27.66939268
0,0,7.29,-4.561504014,7.29,-29.45085083
0,0,7.3,-3.483657413,7.3,-30.6812278
0,0,7.31,-2.740087378,7.31,-32.21211127
0,0,7.32,-1.472596695,7.32,-33.64600865
0,0,7.33,-0.327718375,7.33,-34.94619788
0,0,7.34,0.716834468,7.34,-36.54448588
0,0,7.35,2.099174903,7.35,-37.62862541
0,0,7.36,3.050603406,7.36,-38.97055022
0,0,7.37,4.442648772,7.37,-40.04772283
0,0,7.38,5.68653403,7.38,-41.03971868
0,0,7.39,6.845723028,7.39,-42.13408652
0,0,7.4,8.274885391,7.4,-42.76860673
0,0,7.41,9.197952778,7.41,-43.54849844
0,0,7.42,10.47086298,7.42,-44.40482838
0,0,7.43,11.50715174,7.43,-45.41976179
0,0,7.44,12.42293656,7.44,-46.40243293
0,0,7.45,13.34110424,7.45,-46.87272175
0,0,7.46,13.84652792,7.46,-47.46657584
0,0,7.47,14.54868222,7.47,-48.16868709
0,0,7.48,15.17274031,7.48,-48.83438231
0,0,7.49,15.64618199,7.49,-49.63509358
0,0,7.5,15.87867099,7.5,-50.18137658
0,0,7.51,15.91292336,7.51,-50.95129832
0,0,7.52,15.90847745,7.52,-51.48554542
0,0,7.53,15.8150326,7.53,-51.96378449
0,0,7.54,15.55211374,7.54,-52.57189499
0,0,7.55,15.1759177,7.55,-52.94711599
0,0,7.56,14.93092542,7.56,-53.33206505
0,0,7.57,14.45701363,7.57,-53.51487432
0,0,7.58,13.94419103,7.58,-53.63723889
0,0,7.59,13.388048,7.59,-53.96554912
0,0,7.6,12.59152841,7.6,-54.22390869
0,0,7.61,12.06539778,7.61,-54.40826958
0,0,7.62,11.3571475,7.62,-54.39885829
0,0,7.63,10.73939124,7.63,-54.52189832
0,0,7.64,10.1736481,7.64,-54.7412639
0,0,7.65,9.380085264,7.65,-54.83077064
0,0,7.66,8.850811528,7.66,-54.83916549
0,0,7.67,8.150101188,7.67,-54.84781976
0,0,7.68,7.547280789,7.68,-54.71232768
0,0,7.69,6.765297915,7.69,-54.48997811
0,0,7.7,5.952868888,7.7,-54.33490557
0,0,7.71,5.568000531,7.71,-53.92492126
0,0,7.72,5.083450304,7.72,-53.40055893
0,0,7.73,4.572797443,7.73,-52.81522155
0,0,7.74,3.997880795,7.74,-51.72787399
0,0,7.75,3.275323879,7.75,-50.89236476
0,0,7.76,2.836157074,7.76,-49.46308158
0,0,7.77,2.256925667,7.77,-47.89818241
0,0,7.78,1.852311182,7.78,-46.1751241
0,0,7.79,1.46926149,7.79,-43.63283928
0,0,7.8,0.982974122,7.8,-41.77816508
0,0,7.81,0.658166226,7.81,-38.34249106
0,0,7.82,0.061117446,7.82,-34.71957386
0,0,7.83,-0.458101166,7.83,-30.36581137
0,0,7.84,-0.695192786,7.84,-25.41115424
0,0,7.85,-0.912020284,7.85,-18.87515799
0,0,7.86,-1.325131989,7.86,-13.71081742
0,0,7.87,-1.672942049,7.87,-4.87124015
0,0,7.88,-1.994290306,7.88,5.876176139
0,0,7.89,-2.346144271,7.89,15.38634145
0,0,7.9,-2.49138347,7.9,27.30354447
0,0,7.91,-2.635677944,7.91,36.97443522
0,0,7.92,-2.824389437,7.92,49.29615708
0,0,7.93,-3.041031924,7.93,61.00458059
0,0,7.94,-3.249260658,7.94,70.50351059
0,0,7.95,-3.474563852,7.95,80.47239888
0,0,7.96,-3.602371153,7.96,87.04482228
0,0,7.97,-3.58186972,7.97,93.76616241
0,0,7.98,-3.581741638,7.98,98.08348447
0,0,7.99,-3.570862399,7.99,100.2775815
0,0,8,-3.633707844,8,100.6745642
0,0,8.01,-3.762092664,8.01,99.76209617
0,0,8.02,-3.84668881,8.02,97.17029277
0,0,8.03,-3.956826412,8.03,93.87069642
0,0,8.04,-3.982306727,8.04,90.45316497
0,0,8.05,-3.907546782,8.05,85.76748593
0,0,8.06,-3.783336957,8.06,82.15318653
0,0,8.07,-3.697882366,8.07,77.26516289
0,0,8.08,-3.587404592,8.08,72.77875196
0,0,8.09,-3.568729172,8.09,68.39433021
0,0,8.1,-3.598973045,8.1,62.77774798
0,0,8.11,-3.535333302,8.11,58.94852634
0,0,8.12,-3.429725431,8.12,54.38696965
0,0,8.13,-3.21014727,8.13,49.7436697
0,0,8.14,-3.100184216,8.14,45.46258854
0,0,8.15,-2.949132076,8.15,40.39532881
0,0,8.16,-2.702835132,8.16,36.95536303
0,0,8.17,-2.548945246,8.17,32.37732516
0,0,8.18,-2.437454252,8.18,28.07522411
0,0,8.19,-2.249357407,8.19,24.20919914
0,0,8.2,-1.96424525,8.2,19.9354321
0,0,8.21,-1.663777202,8.21,17.1788134
0,0,8.22,-1.50975596,8.22,12.97376534
0,0,8.23,-1.288748242,8.23,9.316991678
0,0,8.24,-1.058248433,8.24,6.606122942
0,0,8.25,-0.969547608,8.25,3.353410886
0,0,8.26,-0.745571296,8.26,1.033616698
0,0,8.27,-0.469357866,8.27,-1.855599261
0,0,8.28,-0.135404725,8.28,-4.18428606
0,0,8.29,0.085431536,8.29,-6.301910232
0,0,8.3,0.282799575,8.3,-8.810322603
0,0,8.31,0.465478197,8.31,-10.38758415
0,0,8.32,0.547515145,8.32,-12.52824101
0,0,8.33,0.768322458,8.33,-14.49959042
0,0,8.34,0.980102279,8.34,-16.0699437
0,0,8.35,1.17226611,8.35,-17.73384904
0,0,8.36,1.406799897,8.36,-18.81128751
0,0,8.37,1.570104095,8.37,-20.35562294
0,0,8.38,1.794976972,8.38,-21.57625439
0,0,8.39,2.025233171,8.39,-22.89598656
0,0,8.4,2.077818735,8.4,-24.28927457
0,0,8.41,2.057915766,8.41,-25.01856139
0,0,8.42,2.071403708,8.42,-26.00309627
0,0,8.43,2.184606142,8.43,-26.89426446
0,0,8.44,2.392561316,8.44,-27.582565
0,0,8.45,2.542152391,8.45,-28.36925749
0,0,8.46,2.582088017,8.46,-28.87313857
0,0,8.47,2.575069962,8.47,-29.46737949
0,0,8.48,2.57468675,8.48,-29.98973879
0,0,8.49,2.574655593,8.49,-30.51072766
0,0,8.5,2.574510656,8.5,-30.98954365
0,0,8.51,2.575218757,8.51,-31.21253
0,0,8.52,2.5783311,8.52,-31.39321917
0,0,8.53,2.575350536,8.53,-31.38294723
0,0,8.54,2.480373164,8.54,-31.50882394
0,0,8.55,2.357240614,8.55,-31.72733996
0,0,8.56,2.30872237,8.56,-31.81241901
0,0,8.57,2.32184296,8.57,-31.82587591
0,0,8.58,2.318547821,8.58,-31.84210349
0,0,8.59,2.219695905,8.59,-31.56367742
0,0,8.6,2.114978206,8.6,-31.1354508
0,0,8.61,1.999757385,8.61,-30.93484798
0,0,8.62,1.913732168,8.62,-30.6997694
0,0,8.63,1.805209185,8.63,-30.18348276
0,0,8.64,1.807737096,8.64,-29.39007949
0,0,8.65,1.742412816,8.65,-28.35639033
0,0,8.66,1.612512464,8.66,-27.71731554
0,0,8.67,1.551410463,8.67,-26.70644148
0,0,8.68,1.548746936,8.68,-25.67280258
0,0,8.69,1.545446906,8.69,-24.38929276
0,0,8.7,1.563834995,8.7,-22.73667959
0,0,8.71,1.494885988,8.71,-21.69148928
0,0,8.72,1.39978824,8.72,-19.83200195
0,0,8.73,1.291411106,8.73,-17.74639391
0,0,8.74,1.294863167,8.74,-15.50815383
0,0,8.75,1.227393048,8.75,-13.15510589
0,0,8.76,1.098262202,8.76,-10.08836345
0,0,8.77,1.042486107,8.77,-7.678160568
0,0,8.78,1.034573082,8.78,-3.674690352
0,0,8.79,0.93625011,8.79,1.118517713
0,0,8.8,0.814851163,8.8,5.648040673
0,0,8.81,0.769367031,8.81,11.8308658
0,0,8.82,0.7788139,8.82,16.86546157
0,0,8.83,0.779469134,8.83,23.51948899
0,0,8.84,0.779504513,8.84,30.2139709
0,0,8.85,0.779400813,8.85,36.31823264
0,0,8.86,0.779454597,8.86,43.32094303
0,0,8.87,0.779447168,8.87,48.0446693
0,0,8.88,0.779436969,8.88,52.91579876
0,0,8.89,0.779402497,8.89,56.79904428
0,0,8.9,0.779634542,8.9,60.25418266
0,0,8.91,0.778821512,8.91,62.81227802
0,0,8.92,0.774660725,8.92,63.41669424
0,0,8.93,0.781944373,8.93,62.50077799
0,0,8.94,0.881927488,8.94,60.66430708
0,0,8.95,1.002831028,8.95,58.57575731
0,0,8.96,1.046222975,8.96,55.88042942
0,0,8.97,1.039697282,8.97,53.82113701
0,0,8.98,1.033979825,8.98,50.42806529
0,0,8.99,1.019474915,8.99,47.16741655
0,0,9,1.195731029,9,44.38862837
0,0,9.01,1.372774706,9.01,40.91921201
0,0,9.02,1.392620728,9.02,38.41065181
0,0,9.03,1.287726548,9.03,35.1691041
0,0,9.04,1.282029338,9.04,32.10786158
0,0,9.05,1.368346102,9.05,29.43782043
0,0,9.06,1.490542564,9.06,26.35806679
0,0,9.07,1.546289385,9.07,24.28134464
0,0,9.08,1.549056429,9.08,21.21833474
0,0,9.09,1.549021042,9.09,18.335157
0,0,9.1,1.548689597,9.1,15.94637025
0,0,9.11,1.548877063,9.11,13.2790393
0,0,9.12,1.548828873,9.12,11.47551751
0,0,9.13,1.548824985,9.13,8.792074912
0,0,9.14,1.548825078,9.14,6.607926474
0,0,9.15,1.54882552,9.15,4.928863953
0,0,9.16,1.548825259,9.16,2.944276043
0,0,9.17,1.548825291,9.17,1.59340592
0,0,9.18,1.548825369,9.18,-0.138203603
0,0,9.19,1.548825494,9.19,-1.396732623
0,0,9.2,1.548824348,9.2,-2.508588969
0,0,9.21,1.548828712,9.21,-3.932915602
0,0,9.22,1.548854149,9.22,-4.878424069
0,0,9.23,1.548798731,9.23,-6.234039081
0,0,9.24,1.548714468,9.24,-7.312205723
0,0,9.25,1.549536199,9.25,-8.15351866
0,0,9.26,1.546358738,9.26,-9.141153527
0,0,9.27,1.524560841,9.27,-9.755614463
0,0,9.28,1.406919986,9.28,-10.3492099
0,0,9.29,1.300385434,9.29,-10.86699284
0,0,9.3,1.2867008,9.3,-11.4872485
0,0,9.31,1.292441103,9.31,-12.31069947
0,0,9.32,1.267613567,9.32,-12.82426479
0,0,9.33,1.149368384,9.33,-13.38690139
0,0,9.34,1.043297823,9.34,-13.55483301
0,0,9.35,1.031081341,9.35,-13.83009733
0,0,9.36,1.033421586,9.36,-14.25293133
0,0,9.37,0.984682069,9.37,-14.4418352
0,0,9.38,0.747994765,9.38,-14.45235781
0,0,9.39,0.537162084,9.39,-14.4558148
0,0,9.4,0.510810105,9.4,-14.42710732
0,0,9.41,0.527892697,9.41,-14.55076647
0,0,9.42,0.521898303,9.42,-14.66997566
0,0,9.43,0.524310171,9.43,-14.66255035
0,0,9.44,0.526460625,9.44,-14.49386859
0,0,9.45,0.451433649,9.45,-14.18039668
0,0,9.46,0.264569861,9.46,-13.76766984
0,0,9.47,0.079389044,9.47,-13.52104186
0,0,9.48,0.011314265,9.48,-13.09635738
0,0,9.49,0.010844525,9.49,-12.5604245
0,0,9.5,0.00597508,9.5,-12.22448323
0,0,9.51,0.024179279,9.51,-11.70525857
0,0,9.52,-0.028874747,9.52,-11.29012817
0,0,9.53,-0.127082315,9.53,-10.69625433
0,0,9.54,-0.237779699,9.54,-10.18503916
0,0,9.55,-0.258491228,9.55,-9.522020071
0,0,9.56,-0.228763665,9.56,-8.82527033
0,0,9.57,-0.287170556,9.57,-8.423953273
0,0,9.58,-0.383577549,9.58,-7.609148332
0,0,9.59,-0.493906732,9.59,-6.740364945
0,0,9.6,-0.524258953,9.6,-5.861454521
0,0,9.61,-0.430076897,9.61,-5.028410889
0,0,9.62,-0.364985571,9.62,-4.051437637
0,0,9.63,-0.389103811,9.63,-3.304959926
0,0,9.64,-0.500083623,9.64,-2.208361329
0,0,9.65,-0.425221782,9.65,-1.111560859
0,0,9.66,-0.289873824,9.66,-0.139263615
0,0,9.67,-0.237407763,9.67,1.038390315
0,0,9.68,-0.246015586,9.68,1.894079853
0,0,9.69,-0.246352734,9.69,2.817587328
0,0,9.7,-0.246320077,9.7,3.856978837
0,0,9.71,-0.247069384,9.71,5.012272222
0,0,9.72,-0.244568904,9.72,6.226169751
0,0,9.73,-0.236020606,9.73,6.918462196
0,0,9.74,-0.127476408,9.74,8.030201746
0,0,9.75,-0.011392106,9.75,9.15181578
0,0,9.76,0.019058359,9.76,9.904701859
0,0,9.77,0.006990642,9.77,10.65444403
0,0,9.78,0.007864939,9.78,11.21649359
0,0,9.79,0.00801601,9.79,11.78210585
0,0,9.8,0.089105642,9.8,12.31304162
0,0,9.81,0.280826252,9.81,12.85994542
0,0,9.82,0.460189581,9.82,13.25280988
0,0,9.83,0.518654683,9.83,13.33916887
0,0,9.84,0.52036753,9.84,13.34075821
0,0,9.85,0.61260002,9.85,13.35079994
0,0,9.86,0.735086457,9.86,13.26461865
0,0,9.87,0.791661161,9.87,12.94520456
0,0,9.88,0.792837869,9.88,12.6571036
0,0,9.89,0.902079322,9.89,12.27333976
0,0,9.9,1.007664041,9.9,11.75545587
0,0,9.91,1.104087393,9.91,11.22298724
0,0,9.92,1.221116526,9.92,10.7327619
0,0,9.93,1.302592876,9.93,10.45649753
0,0,9.94,1.415096859,9.94,9.882211653
0,0,9.95,1.533807354,9.95,9.180310368
0,0,9.96,1.54269054,9.96,8.51319596
0,0,9.97,1.593288976,9.97,7.719452371
0,0,9.98,1.688659436,9.98,7.169045877
0,0,9.99,1.801530804,9.99,6.399001681
0,0,10,1.904037993,10,5.686205858
0,0,10.01,2.01745545,10.01,5.033563241
0,0,10.02,2.072936984,10.02,4.235489207
0,0,10.03,2.062353747,10.03,3.715911399
0,0,10.04,2.061773757,10.04,3.131828077
0,0,10.05,2.06165686,10.05,2.603324854
0,0,10.06,2.061796178,10.06,2.087220779
0,0,10.07,2.061733514,10.07,1.591449739
0,0,10.08,2.061748088,10.08,1.305210292
0,0,10.09,2.061748942,10.09,0.736773253
0,0,10.1,2.061749332,10.1,0.377203413
0,0,10.11,2.061747835,10.11,0.062891276
0,0,10.12,2.061752108,10.12,-0.344897896
0,0,10.13,2.061769869,10.13,-0.603033089
0,0,10.14,2.061750993,10.14,-1.007659689
0,0,10.15,2.061579023,10.15,-1.539563098
0,0,10.16,2.062525598,10.16,-1.942416087
0,0,10.17,2.059460576,10.17,-2.202045795
0,0,10.18,2.045055373,10.18,-2.323554507
0,0,10.19,1.933494674,10.19,-2.519141498
0,0,10.2,1.828993209,10.2,-2.694631329
0,0,10.21,1.73153433,10.21,-2.860046601
0,0,10.22,1.616340729,10.22,-3.056726771
0,0,10.23,1.551190372,10.23,-3.15588418
0,0,10.24,1.548796124,10.24,-3.16069799
0,0,10.25,1.5485647,10.25,-3.160747509
0,0,10.26,1.548845077,10.26,-3.159718712
0,0,10.27,1.549198938,10.27,-3.161609829
0,0,10.28,1.551889521,10.28,-3.170167164
0,0,10.29,1.548251187,10.29,-3.152525974
0,0,10.3,1.458407387,10.3,-2.975991617
0,0,10.31,1.260656429,10.31,-2.800709521
0,0,10.32,1.089465971,10.32,-2.605355764
0,0,10.33,1.042368276,10.33,-2.48126642
0,0,10.34,1.034532075,10.34,-2.264393132
0,0,10.35,0.933475356,10.35,-1.915519757
0,0,10.36,0.829751312,10.36,-1.548380168
0,0,10.37,0.713806358,10.37,-1.28077827
0,0,10.38,0.629474825,10.38,-1.166738593
0,0,10.39,0.520869546,10.39,-0.966395017
0,0,10.4,0.518160807,10.4,-0.790355601
0,0,10.41,0.525689725,10.41,-0.653444808
0,0,10.42,0.522550657,10.42,-0.312556477
0,0,10.43,0.527527642,10.43,-0.023558014
0,0,10.44,0.520969349,10.44,0.345881239
0,0,10.45,0.421696828,10.45,0.503101529
0,0,10.46,0.300322881,10.46,0.839708456
0,0,10.47,0.256618476,10.47,1.090985964
0,0,10.48,0.266377279,10.48,1.260754194
0,0,10.49,0.266301873,10.49,1.429090346
0,0,10.5,0.26380195,10.5,1.798679582
0,0,10.51,0.281260071,10.51,1.990658174
0,0,10.52,0.207975469,10.52,2.241763331
0,0,10.53,0.114789526,10.53,2.653058224
0,0,10.54,0.006446795,10.54,2.909737472
0,0,10.55,0.005735798,10.55,2.910571894
0,0,10.56,0.01285813,10.56,3.069714408
0,0,10.57,0.009016056,10.57,3.248501763
0,0,10.58,0.009992537,10.58,3.440474239
0,0,10.59,0.010055535,10.59,3.589642566
0,0,10.6,0.010025935,10.6,3.777272207
0,0,10.61,0.010242799,10.61,3.800800246
0,0,10.62,0.009423269,10.62,3.782002477
0,0,10.63,0.004921194,10.63,3.789439126
0,0,10.64,0.013791053,10.64,3.787131665
0,0,10.65,0.115271306,10.65,3.787010305
0,0,10.66,0.236665125,10.66,3.797365233
0,0,10.67,0.273199078,10.67,3.712968718
0,0,10.68,0.239199831,10.68,3.402055379
0,0,10.69,0.132489176,10.69,3.127408315
0,0,10.7,0.128670693,10.7,2.934255634
0,0,10.71,0.215101485,10.71,2.603166089
0,0,10.72,0.341397995,10.72,2.2019362
0,0,10.73,0.422404551,10.73,2.015320068
0,0,10.74,0.528288142,10.74,2.052901894
0,0,10.75,0.526428947,10.75,2.052800911
0,0,10.76,0.520533812,10.76,1.9111639
0,0,10.77,0.523569579,10.77,1.581628416
0,0,10.78,0.519559573,10.78,1.283734834
0,0,10.79,0.526217537,10.79,1.19653106
0,0,10.8,0.623316053,10.8,1.18615263
0,0,10.81,0.842818592,10.81,0.866141948
0,0,10.82,0.926423486,10.82,0.448664296
0,0,10.83,0.871597699,10.83,0.281314476
0,0,10.84,0.779058384,10.84,0.324457618
0,0,10.85,0.885865863,10.85,0.31530012
0,0,10.86,1.010682448,10.86,-0.008214868
0,0,10.87,1.04383025,10.87,-0.423559903
0,0,10.88,1.030646202,10.88,-0.59159076
0,0,10.89,1.04197983,10.89,-0.576897426
0,0,10.9,1.146482028,10.9,-0.773214615
0,0,10.91,1.264585827,10.91,-1.12714789
0,0,10.92,1.304362652,10.92,-1.373991147
0,0,10.93,1.318656398,10.93,-1.435623423
0,0,10.94,1.43605683,10.94,-1.423282386
0,0,10.95,1.541613636,10.95,-1.423430258
0,0,10.96,1.554983313,10.96,-1.428316413
0,0,10.97,1.546284011,10.97,-1.39824673
0,0,10.98,1.54863657,10.98,-1.51703764
0,0,10.99,1.548851517,10.99,-1.676098085
0,0,11,1.548834437,11,-1.86128198
0,0,11.01,1.548817013,11.01,-1.865844418
0,0,11.02,1.548828818,11.02,-1.852265774
0,0,11.03,1.548824356,11.03,-1.860360604
0,0,11.04,1.548825296,11.04,-1.865643384
0,0,11.05,1.548825321,11.05,-1.853469879
0,0,11.06,1.548825364,11.06,-1.684211544
0,0,11.07,1.548825262,11.07,-1.478589548
0,0,11.08,1.548825505,11.08,-1.407679975
0,0,11.09,1.548826123,11.09,-1.43151853
0,0,11.1,1.548826919,11.1,-1.417385863
0,0,11.11,1.548812138,11.11,-1.242263874
0,0,11.12,1.548874874,11.12,-1.068130153
0,0,11.13,1.548700357,11.13,-0.86658203
0,0,11.14,1.54821943,11.14,-0.699856829
0,0,11.15,1.547753194,11.15,-0.3061001
0,0,11.16,1.558302418,11.16,0.048766838
0,0,11.17,1.494164606,11.17,0.268440149
0,0,11.18,1.368580656,11.18,0.331935098
0,0,11.19,1.293331599,11.19,0.356019088
0,0,11.2,1.291702534,11.2,0.548496036
0,0,11.21,1.301384305,11.21,0.72255939
0,0,11.22,1.236916308,11.22,0.889989367
0,0,11.23,1.111280246,11.23,1.084048821
0,0,11.24,1.037835558,11.24,1.158176653
0,0,11.25,1.036565119,11.25,1.202230718
0,0,11.26,1.031864431,11.26,1.55470031
0,0,11.27,1.050406289,11.27,1.954852009
0,0,11.28,0.993210947,11.28,2.092247018
0,0,11.29,0.89608242,11.29,2.144960179
0,0,11.3,0.784997229,11.3,2.530966606
0,0,11.31,0.771901599,11.31,2.876992124
0,0,11.32,0.782733611,11.32,3.218829822
0,0,11.33,0.778886692,11.33,3.5829973
0,0,11.34,0.782190897,11.34,3.88764573
0,0,11.35,0.782248054,11.35,4.02417977
0,0,11.36,0.691404411,11.36,4.216167353
0,0,11.37,0.567452826,11.37,4.08716843
0,0,11.38,0.512765501,11.38,3.931618162
0,0,11.39,0.521698017,11.39,4.141381731
0,0,11.4,0.522252422,11.4,4.451866043
0,0,11.41,0.532105216,11.41,4.642314639
0,0,11.42,0.463676437,11.42,4.671091138
0,0,11.43,0.338217544,11.43,4.649893342
0,0,11.44,0.269249637,11.44,4.658223069
0,0,11.45,0.267289686,11.45,4.656458195
0,0,11.46,0.257047606,11.46,4.656411732
0,0,11.47,0.327703029,11.47,4.655704735
0,0,11.48,0.449826615,11.48,4.658718439
0,0,11.49,0.505261398,11.49,4.650087548
0,0,11.5,0.398077391,11.5,4.621220864
0,0,11.51,0.37674607,11.51,4.253110252
0,0,11.52,0.472375952,11.52,3.859428745
0,0,11.53,0.535857013,11.53,3.758806747
0,0,11.54,0.52365675,11.54,3.794604315
0,0,11.55,0.523018314,11.55,3.77400354
0,0,11.56,0.522863379,11.56,3.587312427
0,0,11.57,0.523053474,11.57,3.235557112
0,0,11.58,0.522902818,11.58,2.980508499
0,0,11.59,0.522610782,11.59,2.899639212
0,0,11.6,0.522857576,11.6,2.873759539
0,0,11.61,0.5263285,11.61,2.501676073
0,0,11.62,0.508263728,11.62,2.144417114
0,0,11.63,0.572455341,11.63,1.814732748
0,0,11.64,0.66765295,11.64,1.425984136
0,0,11.65,0.778231205,11.65,1.188630054
0,0,11.66,0.785608135,11.66,1.182270745
0,0,11.67,0.776224716,11.67,1.189920096
0,0,11.68,0.780503985,11.68,1.101347099
0,0,11.69,0.779504871,11.69,0.77806365
0,0,11.7,0.779441338,11.7,0.505152518
0,0,11.71,0.779389104,11.71,0.315222634
0,0,11.72,0.779638108,11.72,0.311542584
0,0,11.73,0.778868291,11.73,0.235291898
0,0,11.74,0.775544799,11.74,-0.098381578
0,0,11.75,0.779392555,11.75,-0.368142075
0,0,11.76,0.875461608,11.76,-0.554876012
0,0,11.77,0.998217661,11.77,-0.537572665
0,0,11.78,1.045416888,11.78,-0.773520439
0,0,11.79,1.032453154,11.79,-1.20763178
0,0,11.8,1.036230781,11.8,-1.415825675
0,0,11.81,1.132904145,11.81,-1.423460501
0,0,11.82,1.255322197,11.82,-1.424069921
0,0,11.83,1.302426761,11.83,-1.423211127
0,0,11.84,1.292965189,11.84,-1.422176027
0,0,11.85,1.292349855,11.85,-1.413810751
0,0,11.86,1.29228251,11.86,-1.426482791
0,0,11.87,1.292455407,11.87,-1.605535076
0,0,11.88,1.292191082,11.88,-1.681129125
0,0,11.89,1.291210266,11.89,-1.543468989
0,0,11.9,1.292663903,11.9,-1.429236578
0,0,11.91,1.29997146,11.91,-1.422564488
0,0,11.92,1.224042339,11.92,-1.417839409
0,0,11.93,1.097636204,11.93,-1.449850516
0,0,11.94,1.034947796,11.94,-1.320052298
0,0,11.95,1.036925917,11.95,-1.131853622
0,0,11.96,1.128354376,11.96,-0.752595795
0,0,11.97,1.326998064,11.97,-0.566623836
0,0,11.98,1.498130255,11.98,-0.547258929
0,0,11.99,1.551721986,11.99,-0.558275376
0,0,12,1.546958062,12,-0.561362047
0,0,12.01,1.447717236,12.01,-0.549995786
0,0,12.02,1.326931856,12.02,-0.386617614
0,0,12.03,1.280133967,12.03,-0.045645108
0,0,12.04,1.272372477,12.04,0.235995404
0,0,12.05,1.158080884,12.05,0.315554777
0,0,12.06,1.048097017,12.06,0.309877681
0,0,12.07,1.028556915,12.07,0.29355025
0,0,12.08,1.038642292,12.08,0.572986061
0,0,12.09,1.036587694,12.09,0.996891429
0,0,12.1,1.035595406,12.1,1.163993984
0,0,12.11,1.033177051,12.11,1.192663943
0,0,12.12,1.050671888,12.12,1.368191383
0,0,12.13,0.976496479,12.13,1.567811848
0,0,12.14,0.883482661,12.14,1.637270355
0,0,12.15,0.775435288,12.15,1.661932124
0,0,12.16,0.775290501,12.16,1.857304155
0,0,12.17,0.782202715,12.17,2.0330188
0,0,12.18,0.778404843,12.18,2.172382171
0,0,12.19,0.779372345,12.19,2.508618507
0,0,12.2,0.779444688,12.2,2.753130576
0,0,12.21,0.779436378,12.21,2.929439155
0,0,12.22,0.779487758,12.22,2.915710709
0,0,12.23,0.77926955,12.23,3.054101468
0,0,12.24,0.77802676,12.24,3.269376308
0,0,12.25,0.780541063,12.25,3.374214505
0,0,12.26,0.78571519,12.26,3.375432836
0,0,12.27,0.704373657,12.27,3.562600622
0,0,12.28,0.578561186,12.28,3.46420986
0,0,12.29,0.523470552,12.29,3.097925162
0,0,12.3,0.524421418,12.3,2.881065877
0,0,12.31,0.531251452,12.31,2.917643196
0,0,12.32,0.43240748,12.32,2.918954738
0,0,12.33,0.384792225,12.33,2.91970779
0,0,12.34,0.424832447,12.34,2.919086407
0,0,12.35,0.528425489,12.35,2.919439338
0,0,12.36,0.526034617,12.36,2.919770793
0,0,12.37,0.521442707,12.37,2.91986227
0,0,12.38,0.520817706,12.38,2.913152333
0,0,12.39,0.493269031,12.39,2.943798212
0,0,12.4,0.386968728,12.4,2.844601208
0,0,12.41,0.3841296,12.41,2.679506318
0,0,12.42,0.488616987,12.42,2.491397758
0,0,12.43,0.535191564,12.43,2.488215011
0,0,12.44,0.524474458,12.44,2.390175729
0,0,12.45,0.522233522,12.45,2.170811465
0,0,12.46,0.520796055,12.46,2.059748494
0,0,12.47,0.537603352,12.47,2.054794134
0,0,12.48,0.455915032,12.48,1.890874444
0,0,12.49,0.358699199,12.49,1.712485614
0,0,12.5,0.266098844,12.5,1.519805018
0,0,12.51,0.375115737,12.51,1.378635284
0,0,12.52,0.498899491,12.52,1.188329109
0,0,12.53,0.531432201,12.53,1.014539751
0,0,12.54,0.523613103,12.54,0.82341502
0,0,12.55,0.522882173,12.55,0.725695207
0,0,12.56,0.522922434,12.56,0.723395434
0,0,12.57,0.523192725,12.57,0.534534931
0,0,12.58,0.52228532,12.58,0.336739653
0,0,12.59,0.52464944,12.59,0.324945746
0,0,12.6,0.530537065,12.6,0.231680873
0,0,12.61,0.636428765,12.61,0.065107305
0,0,12.62,0.754368142,12.62,-0.120339218
0,0,12.63,0.788761537,12.63,-0.11655292
0,0,12.64,0.776749153,12.64,-0.226723594
0,0,12.65,0.779111755,12.65,-0.447194023
0,0,12.66,0.778955734,12.66,-0.551108707
0,0,12.67,0.783227298,12.67,-0.554840127
0,0,12.68,0.765350409,12.68,-0.555205055
0,0,12.69,0.81905205,12.69,-0.554524783
0,0,12.7,0.917234392,12.7,-0.554857113
0,0,12.71,1.028206337,12.71,-0.554784955
0,0,12.72,1.044111754,12.72,-0.55476763
0,0,12.73,1.032332911,12.73,-0.554711291
0,0,12.74,1.036898145,12.74,-0.5550659
0,0,12.75,1.035697809,12.75,-0.553848416
0,0,12.76,1.035517077,12.76,-0.547778226
0,0,12.77,1.039573241,12.77,-0.557918545
0,0,12.78,1.021711981,12.78,-0.722041406
0,0,12.79,1.07729952,12.79,-0.957407973
0,0,12.8,1.174295789,12.8,-0.907333477
0,0,12.81,1.28510936,12.81,-0.733490336
0,0,12.82,1.309464928,12.82,-0.548620134
0,0,12.83,1.232666746,12.83,-0.547400415
0,0,12.84,1.111022445,12.84,-0.559558796
0,0,12.85,1.035024457,12.85,-0.55298956
0,0,12.86,1.033016292,12.86,-0.554638607
0,0,12.87,1.122406762,12.87,-0.554790453
0,0,12.88,1.247144364,12.88,-0.554842521
0,0,12.89,1.30236069,12.89,-0.55440321
0,0,12.9,1.292836629,12.9,-0.555979297
0,0,12.91,1.292428656,12.91,-0.564798071
0,0,12.92,1.292266841,12.92,-0.54640395
0,0,12.93,1.292407671,12.93,-0.369312979
0,0,12.94,1.292352311,12.94,-0.194984382
0,0,12.95,1.292377873,12.95,0.003531678
0,0,12.96,1.292376554,12.96,0.144856075
0,0,12.97,1.29218981,12.97,0.323722694
0,0,12.98,1.293075475,12.98,0.319147717
0,0,12.99,1.290423955,12.99,0.309566324
0,0,13,1.280460855,13,0.315304504
0,0,13.01,1.170639186,13.01,0.312772933
0,0,13.02,1.055519095,13.02,0.314875149
0,0,13.03,1.027286173,13.03,0.317411344
0,0,13.04,1.03861225,13.04,0.288185179
0,0,13.05,1.036056861,13.05,0.432026022
0,0,13.06,1.035922323,13.06,0.630267454
0,0,13.07,1.035708253,13.07,1.002479085
0,0,13.08,1.036630641,13.08,1.167279397
0,0,13.09,1.033894375,13.09,1.326113932
0,0,13.1,1.022841648,13.1,1.529549964
0,0,13.11,0.912104576,13.11,1.633160198
0,0,13.12,0.797753068,13.12,1.613662391
0,0,13.13,0.771041959,13.13,1.609417095
0,0,13.14,0.782096999,13.14,1.757128433
0,0,13.15,0.779239191,13.15,1.968786343
0,0,13.16,0.77932668,13.16,2.067577757
0,0,13.17,0.782610712,13.17,2.051498704
0,0,13.18,0.765463672,13.18,2.050937907
0,0,13.19,0.826699895,13.19,2.05060325
0,0,13.2,0.909760804,13.2,2.050860124
0,0,13.21,0.908734707,13.21,2.050757886
0,0,13.22,0.802671066,13.22,2.050780161
0,0,13.23,0.768059927,13.23,2.050781031
0,0,13.24,0.783063518,13.24,2.050781901
0,0,13.25,0.778649117,13.25,2.050779493
0,0,13.26,0.779315519,13.26,2.050785676
0,0,13.27,0.787695957,13.27,2.050805872
0,0,13.28,0.714875888,13.28,2.050804946
0,0,13.29,0.588996627,13.29,2.050485624
0,0,13.3,0.5251369,13.3,2.051985711
0,0,13.31,0.522985597,13.31,2.047500438
0,0,13.32,0.522689665,13.32,2.030528152
0,0,13.33,0.523152322,13.33,1.844207589
0,0,13.34,0.522865229,13.34,1.649248872
0,0,13.35,0.522552039,13.35,1.602118936
0,0,13.36,0.523007296,13.36,1.620868279
0,0,13.37,0.526115867,13.37,1.615258821
0,0,13.38,0.508151617,13.38,1.615844792
0,0,13.39,0.576323347,13.39,1.631154853
0,0,13.4,0.670965927,13.4,1.511251003
0,0,13.41,0.780310671,13.41,1.298058057
0,0,13.42,0.781765656,13.42,1.186416733
0,0,13.43,0.791153354,13.43,1.182544501
0,0,13.44,0.726379899,13.44,1.17588059
0,0,13.45,0.63233335,13.45,1.208726835
0,0,13.46,0.521221243,13.46,1.092835409
0,0,13.47,0.510125694,13.47,0.909935865
0,0,13.48,0.59430921,13.48,0.532527238
0,0,13.49,0.716069948,13.49,0.33081178
0,0,13.5,0.777065569,13.5,0.305517043
0,0,13.51,0.77954002,13.51,0.316529761
0,0,13.52,0.779690846,13.52,0.313909049
0,0,13.53,0.779291622,13.53,0.313744418
0,0,13.54,0.779490012,13.54,0.313733769
0,0,13.55,0.779421327,13.55,0.313724814
0,0,13.56,0.779448717,13.56,0.313843122
0,0,13.57,0.779570096,13.57,0.31447606
0,0,13.58,0.77876634,13.58,0.313548424
0,0,13.59,0.781568758,13.59,0.308952495
0,0,13.6,0.797431916,13.6,0.337602753
0,0,13.61,0.91422574,13.61,0.222739841
0,0,13.62,1.030824198,13.62,0.091522386
0,0,13.63,0.971970482,13.63,0.100737549
0,0,13.64,0.836577643,13.64,0.284028505
0,0,13.65,0.783488834,13.65,0.332458913
0,0,13.66,0.778259847,13.66,0.303270459
0,0,13.67,0.769548682,13.67,0.277780666
0,0,13.68,0.866643377,13.68,0.086281913
0,0,13.69,0.91731273,13.69,-0.089105051
0,0,13.7,0.876170394,13.7,-0.254744478
0,0,13.71,0.778882622,13.71,-0.452546988
0,0,13.72,0.879557698,13.72,-0.558895975
0,0,13.73,1.006525322,13.73,-0.549261181
0,0,13.74,1.045577162,13.74,-0.377502707
0,0,13.75,1.042995624,13.75,-0.172884581
0,0,13.76,1.031258092,13.76,-0.10371553
0,0,13.77,0.924251815,13.77,-0.116979168
0,0,13.78,0.884513586,13.78,-0.122556258
0,0,13.79,0.969225391,13.79,-0.131063731
0,0,13.8,1.032749281,13.8,0.007812469
0,0,13.81,1.036201228,13.81,0.220398853
0,0,13.82,1.036128295,13.82,0.309450123
0,0,13.83,1.035787089,13.83,0.314229322
0,0,13.84,1.035792007,13.84,0.314021657
0,0,13.85,1.034459078,13.85,0.313535464
0,0,13.86,1.03710762,13.86,0.313830522
0,0,13.87,1.042002092,13.87,0.313752697
0,0,13.88,0.95994466,13.88,0.313745925
0,0,13.89,0.834503256,13.89,0.313746335
0,0,13.9,0.781947576,13.9,0.313746957
0,0,13.91,0.779184104,13.91,0.313746561
0,0,13.92,0.779378394,13.92,0.313746666
0,0,13.93,0.778904089,13.93,0.313746678
0,0,13.94,0.78167366,13.94,0.31374668
0,0,13.95,0.801893666,13.95,0.313746644
0,0,13.96,0.922307964,13.96,0.31374679
0,0,13.97,1.033190951,13.97,0.313746393
0,0,13.98,0.964362536,13.98,0.313745391
0,0,13.99,0.830412559,13.99,0.313743908
0,0,14,0.783996621,14,0.313769106
0,0,14.01,0.776945224,14.01,0.313662758
0,0,14.02,0.771782196,14.02,0.313958613
0,0,14.03,0.872827557,14.03,0.314784002
0,0,14.04,0.91721715,14.04,0.315522619
0,0,14.05,0.875117432,14.05,0.297744184
0,0,14.06,0.772872774,14.06,0.407360135
0,0,14.07,0.776761184,14.07,0.62005087
0,0,14.08,0.781740077,14.08,0.745179129
0,0,14.09,0.778494651,14.09,0.747495824
0,0,14.1,0.779369955,14.1,0.74866877
0,0,14.11,0.779449452,14.11,0.747629297
0,0,14.12,0.779443334,14.12,0.748318635
0,0,14.13,0.779436773,14.13,0.749259085
0,0,14.14,0.779441178,14.14,0.749286462
0,0,14.15,0.779439519,14.15,0.732647311
0,0,14.16,0.779439868,14.16,0.846774661
0,0,14.17,0.779439877,14.17,1.06103438
0,0,14.18,0.779439886,14.18,1.184204823
0,0,14.19,0.77943988,14.19,1.18577687
0,0,14.2,0.779439882,14.2,1.030595267
0,0,14.21,0.779439882,14.21,0.820066764
0,0,14.22,0.779439882,14.22,0.730979973
0,0,14.23,0.779439882,14.23,0.747150181
0,0,14.24,0.779439882,14.24,0.74796047
0,0,14.25,0.779439882,14.25,0.747868596
0,0,14.26,0.779439882,14.26,0.749150333
0,0,14.27,0.779439882,14.27,0.744574793
0,0,14.28,0.779439882,14.28,0.724576066
0,0,14.29,0.779439882,14.29,0.535791124
0,0,14.3,0.779439882,14.3,0.342995436
0,0,14.31,0.779439882,14.31,0.299807542
0,0,14.32,0.779439882,14.32,0.318336727
0,0,14.33,0.779439882,14.33,0.314004623
0,0,14.34,0.779439881,14.34,0.313750022
0,0,14.35,0.779439885,14.35,0.313711365
0,0,14.36,0.7794399,14.36,0.313765933
0,0,14.37,0.779439907,14.37,0.313739
0,0,14.38,0.779439634,14.38,0.313736936
0,0,14.39,0.779440851,14.39,0.313747397
0,0,14.4,0.779437347,14.4,0.313816107
0,0,14.41,0.779426352,14.41,0.313417137
0,0,14.42,0.779423309,14.42,0.314744958
0,0,14.43,0.779617905,14.43,0.320954863
0,0,14.44,0.778734614,14.44,0.312026271
0,0,14.45,0.781308718,14.45,0.146131629
0,0,14.46,0.79012951,14.46,-0.060456329
0,0,14.47,0.898937203,14.47,-0.137487404
0,0,14.48,1.014859292,14.48,-0.121567699
0,0,14.49,1.044716747,14.49,-0.120460123
0,0,14.5,1.033205796,14.5,-0.120404569
0,0,14.51,1.035784789,14.51,-0.120578473
0,0,14.52,1.035898469,14.52,-0.120483278
0,0,14.53,1.035765561,14.53,-0.120468957
0,0,14.54,1.036550147,14.54,-0.12053394
0,0,14.55,1.034109637,14.55,-0.120740313
0,0,14.56,1.024897225,14.56,-0.119285495
0,0,14.57,0.914940848,14.57,-0.124480898
0,0,14.58,0.790212669,14.58,-0.155483507
0,0,14.59,0.83065207,14.59,-0.351688136
0,0,14.6,0.967730841,14.6,-0.536422064
0,0,14.61,1.034114706,14.61,-0.566602125
0,0,14.62,1.035756374,14.62,-0.550314997
0,0,14.63,1.036217852,14.63,-0.554468502
0,0,14.64,1.035728823,14.64,-0.55479967
0,0,14.65,1.03600733,14.65,-0.554792891
0,0,14.66,1.0362575,14.66,-0.554754798
0,0,14.67,1.036072725,14.67,-0.554776708
0,0,14.68,1.032428858,14.68,-0.554771036
0,0,14.69,1.050809635,14.69,-0.554770565
0,0,14.7,0.987014517,14.7,-0.554770584
0,0,14.71,0.8878055,14.71,-0.554770632
0,0,14.72,0.779829407,14.72,-0.554770606
0,0,14.73,0.874278703,14.73,-0.55477063
0,0,14.74,0.93623056,14.74,-0.554770593
0,0,14.75,0.855983526,14.75,-0.554770546
0,0,14.76,0.778415346,14.76,-0.554771054
0,0,14.77,0.778626563,14.77,-0.554769042
0,0,14.78,0.872847364,14.78,-0.554756619
0,0,14.79,0.996174348,14.79,-0.554786032
0,0,14.8,1.046515604,14.8,-0.554814191
0,0,14.81,1.040188213,14.81,-0.554453402
0,0,14.82,1.036445394,14.82,-0.555922374
0,0,14.83,0.941034103,14.83,-0.551948055
0,0,14.84,0.818576733,14.84,-0.541860653
0,0,14.85,0.76880704,14.85,-0.362166438
0,0,14.86,0.775407243,14.86,-0.162422669
0,0,14.87,0.779292958,14.87,-0.104837034
0,0,14.88,0.872090725,14.88,-0.125007623
0,0,14.89,1.012457292,14.89,-0.120718226
0,0,14.9,0.994084603,14.9,-0.12059238
0,0,14.91,0.891302708,14.91,-0.12015328
0,0,14.92,0.779036158,14.92,-0.121716388
0,0,14.93,0.762595829,14.93,-0.117460634
0,0,14.94,0.863684115,14.94,-0.104326707
0,0,14.95,0.917405627,14.95,0.078471352
0,0,14.96,0.88626686,14.96,0.27525783
0,0,14.97,0.778608533,14.97,0.332044436
0,0,14.98,0.773601959,14.98,0.300964393
0,0,14.99,0.785684037,14.99,0.267239007
0,0,15,-0.102051201,15,-0.102051201
